# Name,   Type, SubType, Offset,   Size,    Flags
# 16 MB layout (ESP32-C6 N16) with dual OTA app slots for Matter OTA updates.
# nvs: app + Matter fabric/commissioning data. fctry: Matter factory (DAC) region.
# Each app slot is 0x3E0000 (~3.9 MB) — ample headroom over the ~2 MB image.
nvs,      data, nvs,     0x9000,   0x6000,
phy_init, data, phy,     0xf000,   0x1000,
otadata,  data, ota,     0x10000,  0x2000,
ota_0,    app,  ota_0,   0x20000,  0x3E0000,
ota_1,    app,  ota_1,   0x400000, 0x3E0000,
fctry,    data, nvs,     0x7E0000, 0x6000,
